,English,German,Japanese,Spanish,Pirate,UwU,Binary,Chinese,Korean,
translator,,Thryrallo,Ponponsan,Spanish Hub,,,,INYO,,
translation,Translation,Übersetzung,翻訳,Traducción,,,,翻译,,
,,,,,,,,,,
locale,Language,Sprache,言語,Language,Language,Wanguage,01001100 01100001 01101110 01100111 01110101 01100001 01100111 01100101,语言,,
locale_tooltip,Select Language for ThryEditor,Wähle die Sprache für ThryEditor,ThryEditorの言語を選択してください,Select Language for ThryEditor,Select Language for ThryEditor,Sewect wanguage fow thwyeditow,01010011 01100101 01101100 01100101 01100011 01110100 00100000 01001100 01100001 01101110 01100111 01110101 01100001 01100111 01100101 00100000 01100110 01101111 01110010 00100000 01010100 01101000 01110010 01111001 01000101 01100100 01101001 01110100 01101111 01110010,选择Thry编辑器窗口的语言,,
,,,,,,,,,,
first_install_message,Hello. You just installed a shader using the Thry Shader Editor for it's UI. This is the editor's settings window. It offers you some customizability. You can close this window and open it back up over your menu if you want to change something.,Thry Shader Editor wurde installiert. Dies ist das Fenster für die Editor Einstellungen.,正常にThry Shader Editorはインストールされました。こちらがエディター設定画面になります。,Se ha actualizado exitosamente Thry Shader Editor. Esta es la ventana de configuración del editor.,Thry shader editor successfully installed. This here be the editor settings window.,Thwy shadew editow successfuwwy instawwed. Thiws iws the editow settings window.,01010100 01101000 01110010 01111001 00100000 01010011 01101000 01100001 01100100 01100101 01110010 00100000 01000101 01100100 01101001 01110100 01101111 01110010 00100000 01110011 01110101 01100011 01100011 01100101 01110011 01110011 01100110 01110101 01101100 01101100 01111001 00100000 01101001 01101110 01110011 01110100 01100001 01101100 01101100 01100101 01100100 00101110 00100000 01010100 01101000 01101001 01110011 00100000 01101001 01110011 00100000 01110100 01101000 01100101 00100000 01100101 01100100 01101001 01110100 01101111 01110010 00100000 01110011 01100101 01110100 01110100 01101001 01101110 01100111 01110011 00100000 01110111 01101001 01101110 01100100 01101111 01110111 00101110,你好。你剛剛完成安装了一个使用Thry Shader编辑器UI的着色器。這是編輯器的設置窗口。它為您提供了一些自定义能力。如果您要更改某些內容，可以關閉此窗口並在菜單上重新打開此窗口。,,
update_message,Thry editor has been updated,Thry editor wurde aktualisiert,Thry editorは新しいバージョンに更新されました,Thry editor ha sido actualizado.,Thry editor has been updated,Thwy editow has bewn updated,01010100 01101000 01110010 01111001 00100000 01100101 01100100 01101001 01110100 01101111 01110010 00100000 01101000 01100001 01110011 00100000 01100010 01100101 01100101 01101110 00100000 01110101 01110000 01100100 01100001 01110100 01100101 01100100,Thry编辑器已更新完成,,
downgrade_message,Warning: The Version of Thry Editor has declined,Warning: Die Version von Thry Editor hat sich verringert,注意！: Thry Editorが下位のバージョンに変更されました,Advertencia: la versión de Thry Editor ha esta desactualizada.,Warning: the version o' thry editor 'as declined,Wawning: the vewsion of thwy editow has decwined,01010111 01100001 01110010 01101110 01101001 01101110 01100111 00111010 00100000 01010100 01101000 01100101 00100000 01010110 01100101 01110010 01110011 01101001 01101111 01101110 00100000 01101111 01100110 00100000 01010100 01101000 01110010 01111001 00100000 01000101 01100100 01101001 01110100 01101111 01110010 00100000 01101000 01100001 01110011 00100000 01100100 01100101 01100011 01101100 01101001 01101110 01100101 01100100,警告:Thry编辑器的版本已下降,,
,,,,,,,,,,
header_editor,Editor,Editor,エディター,Editor,,Editor,01000101 01100100 01101001 01110100 01101111 01110010,编辑器,,
,,,,,,,,,,
header_modules,Install Packages,Installiere Packages,追加モジュール,Modulos extra,Install Packages,Install Packages,01000101 01111000 01110100 01110010 01100001 00100000 01001101 01101111 01100100 01110101 01101100 01100101 01110011,安装额外功能模组,,
header_packages_curated,Curated Tools,,,,,,,,,
header_packages_vrcprefabs,VRCPrefabs List,,,,,,,,,
,,,,,,,,,,
newest,newest,neuste,最新,el más nuevo,,newest,01101110 01100101 01110111 01100101 01110011 01110100,最新,,
version,version,version,バージョン,version,,vewsion,01110110 01100101 01110010 01110011 01101001 01101111 01101110,版本,,
user,user,Benutzer,ユーザー,Usuario,,usew,01110101 01110011 01100101 01110010,用户,,
requirements,Requirements,Voraussetzungen,必要バージョン,Requisitos,,Wequiwements,01010010 01100101 01110001 01110101 01101001 01110010 01100101 01101101 01100101 01101110 01110100 01110011,要求,,
add,Add,Hinzufügen,追加,Añadir,,Add,01000001 01100100 01100100,添加,,
delete,Delete,Löschen,削除,Borrar,,Dewete,01000100 01100101 01101100 01100101 01110100 01100101,删除,,
save,Save,Speichern,保存,Guardar,,Save,01010011 01100001 01110110 01100101,保存,,
colorSpaceWarningSRGB,"This texture is not marked as sRGB, but should be",,,"Esta textura no está marcada como sRGB, pero debería estarlo.",,,,,,
colorSpaceWarningLinear,"This texture is marked as sRGB, but should be linear",,,"Esta textura no está marcada como sRGB, pero debería ser lineal.",,,,,,
,,,,,,,,,,
loggingLevel,Logging Level,,,,,,,,,
loggingLevel_tooltip,Set the logging level for the editor. Higher levels will show more information.,,,,,,,,,
default_texture_type,Default Texture Display,Texturen Darstellung,デフォルト表示テクスチャー,Visualización de textura predeterminada,Default Texture Display,Defauwt textuwe dispway,01000100 01100101 01100110 01100001 01110101 01101100 01110100 00100000 01010100 01100101 01111000 01110100 01110101 01110010 01100101 00100000 01000100 01101001 01110011 01110000 01101100 01100001 01111001,默认贴图显示,,
default_texture_type_tooltip,Select how your textures should be displayed if the property doesn't force the type,Wähle wie deine Texture Menüs dargestellt werden.,プロパティーに指定されなかった場合にどうテクスチャーが表示されるか指定してください,Seleccione cómo se deben mostrar sus texturas si la propiedad no fuerza el tipo,Select 'ow yer textures should be displayed if the property doesn't force the type,Sewect how youw textuwes shouwd be dispwayed if the pwopewty doesn't fowce the type,01010011 01100101 01101100 01100101 01100011 01110100 00100000 01101000 01101111 01110111 00100000 01111001 01101111 01110101 01110010 00100000 01110100 01100101 01111000 01110100 01110101 01110010 01100101 01110011 00100000 01110011 01101000 01101111 01110101 01101100 01100100 00100000 01100010 01100101 00100000 01100100 01101001 01110011 01110000 01101100 01100001 01111001 01100101 01100100 00100000 01101001 01100110 00100000 01110100 01101000 01100101 00100000 01110000 01110010 01101111 01110000 01100101 01110010 01110100 01111001 00100000 01100100 01101111 01100101 01110011 01101110 00100111 01110100 00100000 01100110 01101111 01110010 01100011 01100101 00100000 01110100 01101000 01100101 00100000 01110100 01111001 01110000 01100101,选择当属性未强制指定类型时的帖图显示类型,,
showRenderQueue,Show Render Queue,Zeige Render Queue,Render Queue(描画順)の表示,Mostrar Render Queue,Show Render Queue,Show wendew queue,01010011 01101000 01101111 01110111 00100000 01010010 01100101 01101110 01100100 01100101 01110010 00100000 01010001 01110101 01100101 01110101 01100101,显示渲染队列(Render Queue),,
showRenderQueue_tooltip,enable a render queue selector,"erlaubt dem render queue wähler auch mit vrchat zu funktionieren, indem er kopien des orginal shaders mit der neuen render queue erzeugt.",Render Queue(描画順)セレクターの有効化,Habilitar un selector de render queue.,enable a render queue selector,enabwe a wendew queue sewectow,01100101 01101110 01100001 01100010 01101100 01100101 00100000 01100001 00100000 01110010 01100101 01101110 01100100 01100101 01110010 00100000 01110001 01110101 01100101 01110101 01100101 00100000 01110011 01100101 01101100 01100101 01100011 01110100 01101111 01110010,启用渲染队列选择器,,
showColorspaceWarnings,Show Colorspace Warnings,,,Mostrar advertencias sobre el espacio de color,,,,,,
showColorspaceWarnings_tooltip,If disabled Colorspace Warnings under textures will be hidden,,,"Si está desactivado, no se mostrarán las advertencias sobre el espacio de color.",,,,,,
allowCustomLockingRenaming,Allow custom renaming for locking,,,Habilitar propiedades renombradas personalizadas,,,,,,
allowCustomLockingRenaming_tooltip,Allows custom Renamed Animated property suffix when shader is locked.,,,Permitir sufijos de propiedades animadas renombrados personalizados.,,,,,,
showNotes,Allow Notes in material headers,,,,,,,,,
showNotes_tooltip,Allows setting and displaying of Notes on Section Headers in the shader UI,,,,,,,,,
showManualReloadButton,Show Manual Reload Button,,,,,,,,,
showManualReloadButton_tooltip,Show button to force the ui to reload,,,,,,,,,
showStarNextToNonDefaultProperties,Show which values are not default,,,,,,,,,
showStarNextToNonDefaultProperties_tooltip,Mark properties that are not their default with a star,,,,,,,,,
showAnimatedDotOnHeaders,Show animated tagged dot on headers,,,,,,,,,
showAnimatedDotOnHeaders_tooltip,Shows a circle dot on headers that have a property that are tagged as animated (A or RA),,,,,,,,,
staggeringRowColors,Staggering Row Colors,,,,,,,,,
staggeringRowColors_tooltip,Stagger colors on each row so that some UI elements are easier to read.,,,,,,,,,
gradient_name,Gradient Save File Names,Gradient Datei Namen,グラデーションの保存名,Nombres de archivo de guardado de gradiente,Gradient Save File Names,Gwadient save fiwe names,01000111 01110010 01100001 01100100 01101001 01100101 01101110 01110100 00100000 01010011 01100001 01110110 01100101 00100000 01000110 01101001 01101100 01100101 00100000 01001110 01100001 01101101 01100101 01110011,渐层梯度贴图保存名称命名,,
gradient_name_tooltip,"Configures the way gradient texture files are named. Use <material>, <hash> and <prop> to identify the texture","Definiert wie gradient Datein benannt werden. benutze <material>, <hash> und <prop> um die texture zu indentifizieren",シェーダーインポート時にポップアップを表示する,"Configura la forma en que se nombran los archivos de textura de gradiente. use <material>, <hash> y <prop> para identificar la textura","configures the way gradient texture files are named. use <material>, <hash> and <prop> to identify the texture","configuwes the way gwadient textuwe fiwes awe named. use <material>, <hash> awnd <prop> tuwu identify the textuwe",01100011 01101111 01101110 01100110 01101001 01100111 01110101 01110010 01100101 01110011 00100000 01110100 01101000 01100101 00100000 01110111 01100001 01111001 00100000 01100111 01110010 01100001 01100100 01101001 01100101 01101110 01110100 00100000 01110100 01100101 01111000 01110100 01110101 01110010 01100101 00100000 01100110 01101001 01101100 01100101 01110011 00100000 01100001 01110010 01100101 00100000 01101110 01100001 01101101 01100101 01100100 00101110 00100000 01110101 01110011 01100101 00100000 00111100 01101101 01100001 01110100 01100101 01110010 01101001 01100001 01101100 00111110 00101100 00100000 00111100 01101000 01100001 01110011 01101000 00111110 00100000 01100001 01101110 01100100 00100000 00111100 01110000 01110010 01101111 01110000 00111110 00100000 01110100 01101111 00100000 01101001 01100100 01100101 01101110 01110100 01101001 01100110 01111001 00100000 01110100 01101000 01100101 00100000 01110100 01100101 01111000 01110100 01110101 01110010 01100101,设置渐层梯度贴图的命名规则。使用 <material>, <hash> 和 <prop> 来定义贴图,
gradient_add_hash_or_prop,Consider adding <hash> or <prop>.,Consider adding <hash> or <prop>.,名前に<hash>または<prop>を追加することを推奨します。,Considere agregar <hash> o <prop>.,Consider adding <hash> or <prop>.,Considew adding <hash> ow <prop>.,01000011 01101111 01101110 01110011 01101001 01100100 01100101 01110010 00100000 01100001 01100100 01100100 01101001 01101110 01100111 00100000 00111100 01101000 01100001 01110011 01101000 00111110 00100000 01101111 01110010 00100000 00111100 01110000 01110010 01101111 01110000 00111110 00101110,推荐添加 <hash> 或 <prop>,,
gradient_add_material,Consider adding <material>.,Consider adding <material>.,名前に<material>を追加することを推奨します。,Considere agregar <material>.,Consider adding <material>.,Considew adding <material>.,01000011 01101111 01101110 01110011 01101001 01100100 01100101 01110010 00100000 01100001 01100100 01100100 01101001 01101110 01100111 00100000 00111100 01101101 01100001 01110100 01100101 01110010 01101001 01100001 01101100 00111110 00101110,推荐添加 <material>,,
gradient_add_material_or_prop,Add <material> <hash> or <prop> to destingish between gradients.,Füge <material> <hash> oder <prop> hinzu um zwischen gradients unterscheiden zu können.,名前に<material>、<hash>または<prop>を追加して識別可能にしてください。,Agregue <material> <hash> o <prop> para distinguir entre gradientes.,Add <material> <hash> or <prop> to destingish between gradients.,Add <material> <hash> ow <prop> tuwu destingish between gwadients.,01000001 01100100 01100100 00100000 00111100 01101101 01100001 01110100 01100101 01110010 01101001 01100001 01101100 00111110 00100000 00111100 01101000 01100001 01110011 01101000 00111110 00100000 01101111 01110010 00100000 00111100 01110000 01110010 01101111 01110000 00111110 00100000 01110100 01101111 00100000 01100100 01100101 01110011 01110100 01101001 01101110 01100111 01101001 01110011 01101000 00100000 01100010 01100101 01110100 01110111 01100101 01100101 01101110 00100000 01100111 01110010 01100001 01100100 01101001 01100101 01101110 01110100 01110011 00101110,添加 <material> <hash> 或 <prop> 以识别不同的渐层梯度贴图,,
gradient_good_naming,Good naming.,Gute Benennung.,正常な名前です、いいセンスだ。,Buen nombre.,Good naming.,Good naming.,01000111 01101111 01101111 01100100 00100000 01101110 01100001 01101101 01101001 01101110 01100111 00101110,良好的名称,,
,,,,,,,,,,
autoMarkPropertiesAnimated,Automatically mark animated properties,,,,,,,,,
autoMarkPropertiesAnimated_tooltip,Automatically mark properties as animated when changed their value while in animation mode.,,,,,,,,,
,,,,,,,,,,
auto_lock_dialog,"{0} Material(s) are now being automatically locked and optimized for upload. This will only take a few seconds, please be patient.\n\nTo learn more about the auto-lock feature, click 'More Information' below.\n\nPress OK to continue.",,,"Los materiales se están optimizando automáticamente. Esto tardará unos segundos, por favor, tenga paciencia.\n\nPara obtener más información sobre la función de optimización del sombreador, haga clic en 'More Information' a continuación.\n\nHaga clic en OK para continuar.",,,,,,
lockin_button_single,Lock In Optimized Shader,Material optimieren und sperren,,Cerrar y optimizar el Sombreador,,,,,,
lockin_button_multi,Lock in Optimized Shaders ({0} materials),{0} Materialien optimieren und sperren,,Cerrar y optimizar el Sombreador ({0} materiales),,,,,,
unlock_button_single,Unlock Shader,Material entsperren,,Sombreador abierto,,,,,,
unlock_button_multi,Unlock Shaders ({0} materials),{0} Materialien entsperren,,Sombreadors abierto ({0} materiales),,,,,,
,,,,,,,,,,
preset_material_notify,This material is a preset.,Dieses Material definiert eine Voreinstellung.,,Este material es un preset.,,,,,,
preset_name,Preset Name,Voreinstellung Benennung,,Nombre preestablecido,,,,,,
preset_revert,Revert Preset: ,Voreinstellung rückgänig machen: ,,Revertir preajuste: ,,,,,,
preset_section_preset,Preset per Section,,,,,,,,,
preset_dismiss,Keep Changes,Änderungen beibehalten,,Mantener los cambios,,,,,,
,,,,,,,,,,
yes,Yes,Ja,はい,Sí,,,,,,
no,No,Nein,いいえ,No,,,,,,
recommended,Recommended,Empfohlen,おすすめ,Recomendado,,,,,,
autoSetAnchorOverride,Auto set Anchor Overrides (Bad Lighting Fix),,,Establecer automáticamente la anulación del ancla (Solución para la mala iluminación),,,,,,
autoSetAnchorOverride_tooltip,Automatically sets anchor overrides for renderers that don't have them set already. This happens during avatar upload and fixes some common lighting issues ingame.,,,Solución para corregir automáticamente los problemas comunes de iluminación en los videojuegos.,,,,,,
humanBoneAnchor,Human Bone Anchor,,,Ancla ósea humana,,,,,,
humanBoneAnchor_tooltip,Humanoid bone to use as the anchor override if GameObject not found.,,,Hueso humano para utilizar como ancla,,,,,,
anchorOverrideObjectName,Object Anchor Name,,,Nombre del ancla del objeto,,,,,,
anchorOverrideObjectName_tooltip,Name of a GameObject somewhere in your avatar's hierarchy to use as an anchor.\nIf not found the humanoid bone will be used.,,,,,,,,,
autoAnchorDialog_Title,Thry: Automatic Lighting Fix,,,Thry: Reparación automática de la iluminación,,,,,,
autoAnchorDialog_Text,"This script will set Anchor Overrides for every mesh on your Avatar, preventing your body from experiencing flickering or uneven lighting in the game. We highly recommend you enable this automatic fix.\n\nWould you like to turn it on now?\n\nYou can change this in Thry settings at any time.",,,"Este script corregirá la iluminación de cada malla de tu avatar. Le recomendamos encarecidamente que active esta corrección automática.\n\n¿Le gustaría encenderlo ahora?\n\nPuedes cambiar esto en la configuración de Thry en cualquier momento.",,,,,,
autoAnchorError_NotHumanoid,Auto Anchor Setter: Avatar {0} is not humanoid or is missing an Animator.,,,,,,,,,
forceAsyncCompilationPreview,Force Async Compilation In Preview (restart if disabling),,,,,,,,,
technical_header,Technical Settings,,,,,,,,,
forceAsyncCompilationPreview_tooltip,Speeds up compilation time and doesn't block UI during compilation. (restart editor when disabling),,,,,,,,,
saveAfterLockUnlock,Save after lock/unlock,,,,,,,,,
saveAfterLockUnlock_tooltip,This Should prevent cyan thumbnails when using Force Async Compilation.,,,,,,,,,
fixKeywordsWhenLocking,Fix Keywords When Locking,,,,,,,,,
fixKeywordsWhenLocking_tooltip,Fixes certain locking errors relating to keywords being missing.,,,,,,,,,
enableDeveloperMode,Developer Mode,,,,,,,,,
enableDeveloperMode_tooltip,Enables developer mode. This will show additional options and information in the Shader UI.,,,,,,,,,
disableUnlockedShaderStrippingOnBuild,Disable Unlocked Shader Stripping from Build (Requires Developer Mode enabled),,,,,,,,,
disableUnlockedShaderStrippingOnBuild_tooltip,Disables functionality that strips unlocked shaders from the build. Debug only - unlocked shaders are slower.,,,,,,,,
lockedShaderCacheBudgetMB,Shader Cache Budget (MB),,,,,,,,,
lockedShaderCacheBudgetMB_tooltip,Size Limit for the Locked Shader Cache (Default is 2048 MB). Locked shaders are kept after unlocking so re-locking is instant; once the folder passes this size - shaders that no material uses any more are deleted oldest first. Set to 0 to never delete them automatically (Not Recommended).,,,,,,,,,
,,,,,,,,,,
textures_header,Textures Compression,,,,,,,,,
texturePackerCompressionWithAlphaOverwrite,Texture Packer Compression | Textures With Alpha,,,,,,,,,
texturePackerCompressionWithAlphaOverwrite_tooltip,,,,,,,,,,
texturePackerCompressionNoAlphaOverwrite,Texture Packer Compression | Textures Without Alpha,,,,,,,,,
texturePackerCompressionNoAlphaOverwrite_tooltip,,,,,,,,,,
gradientEditorCompressionOverwrite,Gradient Editor Compression,,,,,,,,,
gradientEditorCompressionOverwrite_tooltip,,,,,,,,,,
,,,,,,,,,,
texture_packer_header,Inline Texture Packer,,,,,,,,,
inlinePackerChrunchCompression,Enable Chrunch Compression,,,,,,,,,
inlinePackerChrunchCompression_tooltip,,,,,,,,,,
inlinePackerSaveLocation,Save Location,,,,,,,,,
inlinePackerSaveLocation_tooltip,,,,,,,,,,
inlinePackerSaveLocationCustom,Custom Save Path,,,,,,,,,
inlinePackerSaveLocationCustom_tooltip,,,,,,,,,,
,,,,,,,,,,
developer_header,Developer Settings,,,,,,,,,
avatar_fixes_header,Avatar Fixes,,,,,,,,,
shader_ui_design_header,Shader UI Design,,,,,,,,,
shader_ui_features_header,Shader UI Features,,,,,,,,,
,,,,,,,,,,
stencil_col_label,Label,,,,,,,,,
stencil_col_decimal,Decimal,,,,,,,,,
stencil_bit_representation,Bit Representation,,,,,,,,,
stencil_row_existing_buffer,Existing buffer value:,,,,,,,,,
stencil_row_existing_buffer_tooltip,What the stencil buffer already holds where this pixel would be drawn.,,,,,,,,,
stencil_prop_existing_buffer_tooltip,What the stencil buffer already holds where this pixel would be drawn. This is the value the test compares the reference against.,,,,,,,,,
stencil_row_reference,Stencil Reference Value:,,,,,,,,,
stencil_row_reference_tooltip,The value this material tests against the buffer. The mask row beneath dims the bits that take no part.,,,,,,,,,
stencil_row_readmask,Stencil ReadMask Value:,,,,,,,,,
stencil_row_readmask_tooltip,↓ this bit is compared against the reference value.\n✕ this bit is blocked by the mask.\nClick a bit to toggle it.,,,,,,,,,
stencil_row_read_buffer,Read buffer value:,,,,,,,,,
stencil_row_read_buffer_tooltip,The existing buffer value after the read mask is applied. This is the value the comparison actually uses.,,,,,,,,,
stencil_row_writemask,Stencil WriteMask Value:,,,,,,,,,
stencil_row_writemask_tooltip,↓ this bit is written back to the stencil buffer.\n✕ this bit is blocked by the mask.\nClick a bit to toggle it.,,,,,,,,,
stencil_row_new_buffer,New buffer value:,,,,,,,,,
stencil_row_new_buffer_tooltip,"What the stencil buffer will hold after this draw, once the operation and write mask have been applied.",,,,,,,,,
stencil_summary_compare_function,Compare Function,,,,,,,,,
stencil_summary_pass_op,Pass Op,,,,,,,,,
stencil_summary_zfail_op,ZFail Op,,,,,,,,,
stencil_summary_fail_op,Fail Op,,,,,,,,,
stencil_branch_passes,passes,,,,,,,,,
stencil_branch_fails,fails,,,,,,,,,
stencil_branch_visible,visible,,,,,,,,,
stencil_branch_occluded,occluded,,,,,,,,,
stencil_compare_always,Always passes,,,,,,,,,
stencil_compare_never,Never passes,,,,,,,,,
stencil_compare_equal,Passes when the read value is {0},,,,,,,,,
stencil_compare_notequal,Passes unless the read value is {0},,,,,,,,,
stencil_compare_less,Passes when the read value is above {0},,,,,,,,,
stencil_compare_lessequal,Passes when the read value is {0} or above,,,,,,,,,
stencil_compare_greater,Passes when the read value is below {0},,,,,,,,,
stencil_compare_greaterequal,Passes when the read value is {0} or below,,,,,,,,,
stencil_compare_unknown,Unknown comparison,,,,,,,,,
stencil_op_leaves,Leaves {0},,,,,,,,,
stencil_op_writes,Writes {0},,,,,,,,,
stencil_op_leaves_masked,Leaves {0} (before write mask),,,,,,,,,
stencil_op_writes_masked,Writes {0} (before write mask),,,,,,,,,
ui_back,Back,Zurück,戻る,Atrás,,,,,,
ui_apply,Apply,Anwenden,適用,Aplicar,,,,,,
ui_cancel,Cancel,Abbrechen,キャンセル,Cancelar,,,,,,
ui_none,None,Keine,なし,Ninguno,,,,,,
ui_search,Search...,Suchen...,検索...,Buscar...,,,,,,
ui_all_types,All types,Alle Typen,すべての種類,Todos los tipos,,,,,,
ui_textures,Textures,Texturen,テクスチャ,Texturas,,,,,,
ui_colors,Colors,Farben,色,Colores,,,,,,
ui_numbers,Numbers,Zahlen,数値,Números,,,,,,
ui_vectors,Vectors,Vektoren,ベクトル,Vectores,,,,,,
ui_toggles,Toggles,Schalter,切り替え,Interruptores,,,,,,
ui_any_status,Any status,Jeder Status,すべての状態,Cualquier estado,,,,,,
ui_changed_only,Changed only,Nur geändert,変更のみ,Solo modificados,,,,,,
ui_assigned_textures,Assigned textures,Zugewiesene Texturen,割り当て済みテクスチャ,Texturas asignadas,,,,,,
ui_empty_textures,Empty textures,Leere Texturen,未設定のテクスチャ,Texturas vacías,,,,,,
ui_animated,Animated,Animiert,アニメーション,Animado,,,,,,
ui_animated_only,Animated only,Nur animiert,アニメーションのみ,Solo animados,,,,,,
ui_missing_references,Missing references,Fehlende Referenzen,参照切れ,Referencias faltantes,,,,,,
ui_favorites,Favorites,Favoriten,お気に入り,Favoritos,,,,,,
ui_clear_filters,Clear filters,Filter löschen,フィルターを解除,Borrar filtros,,,,,,
ui_general,General,Allgemein,一般,General,,,,,,
ui_current,Current,Aktuell,現在,Actual,,,,,,
ui_default,Default,Standard,既定,Predeterminado,,,,,,
ui_reset_section,Reset section,Abschnitt zurücksetzen,セクションをリセット,Restablecer sección,,,,,,
ui_reset_texture,Reset texture,Textur zurücksetzen,テクスチャをリセット,Restablecer textura,,,,,,
ui_reset_linked_values,Reset linked values,Verknüpfte Werte zurücksetzen,関連する値をリセット,Restablecer valores vinculados,,,,,,
ui_reset_value,Reset value,Wert zurücksetzen,値をリセット,Restablecer valor,,,,,,
ui_favorite,Favorite,Favorit,お気に入り,Favorito,,,,,,
ui_search_section,Search section,Abschnitt durchsuchen,セクションを検索,Buscar sección,,,,,,
ui_find_controller,Find controlling property,Steuernde Eigenschaft finden,制御するプロパティを検索,Buscar propiedad de control,,,,,,
ui_collapse_all,Collapse all,Alle einklappen,すべて折りたたむ,Contraer todo,,,,,,
ui_preset_preview,Changes to apply,Anzuwendende Änderungen,適用する変更,Cambios para aplicar,,,,,,
ui_preset_no_changes,No property changes selected.,Keine Änderungen ausgewählt.,変更が選択されていません。,No hay cambios seleccionados.,,,,,,
ui_preset_change_count,{0} property changes,{0} Eigenschaftsänderungen,{0} 件のプロパティ変更,{0} cambios de propiedades,,,,,,
ui_property_count_one,{0} property,{0} Eigenschaft,{0} 件のプロパティ,{0} propiedad,,,,,,
ui_property_count,{0} properties,{0} Eigenschaften,{0} 件のプロパティ,{0} propiedades,,,,,,
ui_matching_properties,Matching properties,Passende Eigenschaften,一致するプロパティ,Propiedades coincidentes,,,,,,
ui_saved_searches,Favorites and saved searches,Favoriten und gespeicherte Suchen,お気に入りと保存済みの検索,Favoritos y búsquedas guardadas,,,,,,
ui_save_current_search,Save current search…,Aktuelle Suche speichern…,現在の検索を保存…,Guardar búsqueda actual…,,,,,,
ui_save_search,Save search,Suche speichern,検索を保存,Guardar búsqueda,,,,,,
ui_remove_saved_search,Remove saved search,Gespeicherte Suche entfernen,保存済みの検索を削除,Eliminar búsqueda guardada,,,,,,
ui_no_filter_matches,No properties match these filters.,Keine Eigenschaften entsprechen diesen Filtern.,フィルターに一致するプロパティはありません。,Ninguna propiedad coincide con estos filtros.,,,,,,
ui_no_query_matches,No properties match “{0}”.,Keine Eigenschaften entsprechen „{0}“.,「{0}」に一致するプロパティはありません。,Ninguna propiedad coincide con «{0}».,,,,,,
ui_search_reduce_filters,Turn off a filter or clear filters to see more properties.,,,,,,,,,
ui_search_examples,"Try a property or section name, such as Normal Map or Emission.",,,,,,,,,
ui_missing_texture_help,Empty texture slots use shader defaults and are not missing references.,,,,,,,,,
ui_preset_preview_note,Property values are previewed here. Preset actions and linked materials update when you apply.,,,,,,,,,
ui_animation_unavailable,Animation recording is unavailable in this Unity version.,,,,,,,,,
ui_clearTexture,Clear texture,Textur entfernen,テクスチャを解除,Borrar textura,,,,,,
ui_mixed,Mixed,Gemischt,混在,Mixto,,,,,,
ui_multipleTextures,Multiple textures,Mehrere Texturen,複数のテクスチャ,Varias texturas,,,,,,
ui_noTextureAssigned,No texture assigned,Keine Textur zugewiesen,テクスチャ未設定,Sin textura asignada,,,,,,
ui_textureDrop,Drop texture,Textur ablegen,テクスチャをドロップ,Soltar textura,,,,,,
ui_textureEmptyHint,Drop a texture here or use the field above.,Textur hier ablegen oder das Feld oben verwenden.,ここにテクスチャをドロップするか、上のフィールドを使用します。,Suelta una textura aquí o usa el campo de arriba.,,,,,,
ui_textureMemory,Memory,Speicher,メモリ,Memoria,,,,,,
ui_textureFull,Full texture,Ganze Textur,テクスチャ全体,Textura completa,,,,,,
ui_textureRed,Red channel,Rotkanal,赤チャンネル,Canal rojo,,,,,,
ui_textureGreen,Green channel,Grünkanal,緑チャンネル,Canal verde,,,,,,
ui_textureBlue,Blue channel,Blaukanal,青チャンネル,Canal azul,,,,,,
ui_textureAlpha,Alpha channel,Alphakanal,アルファチャンネル,Canal alfa,,,,,,
ui_saveSdfTexture,Save SDF Texture,SDF-Textur speichern,SDF テクスチャを保存,Guardar textura SDF,,,,,,
ui_bakeSdfBindData,Bake SDF + Bind Data,SDF und Bindungsdaten erzeugen,SDF とバインドデータをベイク,Hornear SDF y datos de enlace,,,,,,
ui_save,Save,Speichern,保存,Guardar,,,,,,
ui_all,All,Alle,すべて,Todos,,,,,,
ui_paste_selected,Paste Selected,Auswahl einfügen,選択項目を貼り付け,Pegar seleccionados,,,,,,
ui_keep_changes,Keep changes,Änderungen behalten,変更を保持,Conservar cambios,,,,,,
ui_apply_preset,Apply presets,Voreinstellungen anwenden,プリセットを適用,Aplicar preajustes,,,,,,
ui_settings_title,Thry Settings,Thry-Einstellungen,Thry 設定,Ajustes de Thry,,,,,,
ui_search_settings,Search settings…,Einstellungen suchen…,設定を検索…,Buscar ajustes…,,,,,,
ui_settings_no_matches,No settings match your search.,Keine Einstellungen entsprechen der Suche.,検索に一致する設定はありません。,No hay ajustes que coincidan con la búsqueda.,,,,,,
ui_settings_appearance,Appearance,Darstellung,外観,Apariencia,,,,,,
ui_settings_editing_&_animation,Editing & animation,Bearbeitung und Animation,編集とアニメーション,Edición y animación,,,,,,
ui_settings_avatar_fixes,Avatar fixes,Avatar-Korrekturen,アバターの修正,Correcciones de avatar,,,,,,
ui_settings_textures_&_gradients,Textures & gradients,Texturen und Verläufe,テクスチャとグラデーション,Texturas y degradados,,,,,,
ui_settings_texture_packing,Texture packing,Texturkanäle packen,テクスチャのパッキング,Empaquetado de texturas,,,,,,
ui_settings_shader_optimization,Shader optimization,Shader-Optimierung,シェーダーの最適化,Optimización del shader,,,,,,
ui_settings_developer,Developer,Entwicklung,開発者,Desarrollador,,,,,,
ui_textureDropHint,Drop a texture to assign it. Click to locate the assigned asset in the Project window.,,,,,,,,,
ui_textureCubeFaceHint,Cubemap face. This does not change the material.,,,,,,,,,
ui_textureSliceHint,Preview slice 1–{0}. This does not change the material.,,,,,,,,,
ui_textureAlphaHint,"Alpha · black is transparent, white is opaque",,,,,,,,,
ui_textureUnsupportedChannels,Asset preview · channel inspection is unavailable for this texture type.,,,,,,,,,
ui_sdfBakerUnavailable,The SDF baker is unavailable.,,,,,,,,,
ui_sdfBakeDescription,"Bake the mesh volume and bind data, then assign the results to the selected materials.",,,,,,,,,
ui_sdfBakeSelectMesh,Select a mesh object using this material to bake its volume and bind data.,,,,,,,,,
ui_alpha,Alpha,Alpha,アルファ,Alfa,,,,透明度,알파,
ui_anisotropy,Anisotropy,Anisotropie,異方性,Anisotropía,,,,各向异性,이방성,
ui_anisotropy_help,Texture filtering quality at oblique viewing angles.,,,,,,,,,
ui_apply_gradient,Apply gradient,Verlauf anwenden,グラデーションを適用,Aplicar degradado,,,,应用渐变,그라디언트 적용,
ui_automatic,Automatic,,,,,,,,,
ui_blue,Blue,Blau,青,Azul,,,,蓝,파랑,
ui_choose_texture,Choose texture…,,,,,,,,,
ui_create_gradient_texture,Create gradient texture,Verlaufstextur erstellen,グラデーションテクスチャを作成,Crear textura de degradado,,,,创建渐变纹理,그라디언트 텍스처 만들기,
ui_create_texture,Create texture,Textur erstellen,テクスチャを作成,Crear textura,,,,创建纹理,텍스처 만들기,
ui_custom,Custom,,,,,,,,,
ui_custom_texture_folder_help,Used when Texture save location is Custom folder. Choose a folder inside Assets.,,,,,,,,,
ui_direction,Direction,Richtung,方向,Dirección,,,,方向,방향,
ui_discard,Discard,Verwerfen,破棄,Descartar,,,,放弃,버리기,
ui_editor_language,Editor language,Editorsprache,エディターの言語,Idioma del editor,,,,编辑器语言,에디터 언어,
ui_enum_TextureDisplayType_big,Large,Groß,大,Grande,,,,大,크게,
ui_enum_TextureDisplayType_small,Small,Klein,小,Pequeño,,,,小,작게,
ui_enum_TextureImporterFormat_AutomaticCompressed,Automatic (compressed),Automatisch (komprimiert),自動（圧縮）,Automático (comprimido),,,,自动（压缩）,자동 (압축),
ui_enum_TextureImporterFormat_AutomaticTruecolor,Automatic (uncompressed),Automatisch (unkomprimiert),自動（非圧縮）,Automático (sin comprimir),,,,自动（未压缩）,자동 (비압축),
ui_enum_TextureSaveLocation_custom,Custom folder,Eigener Ordner,カスタムフォルダー,Carpeta personalizada,,,,自定义文件夹,사용자 지정 폴더,
ui_enum_TextureSaveLocation_material,Beside material,Beim Material,マテリアルと同じ場所,Junto al material,,,,材质旁,머티리얼 옆,
ui_filtering,Filtering,Filterung,フィルタリング,Filtrado,,,,过滤,필터링,
ui_global_links,Global links,,,,,,,,,
ui_gradient,Gradient,Verlauf,グラデーション,Degradado,,,,渐变,그라디언트,
ui_gradient_direction_hint,Direction from the first color stop to the last. Editable dimensions rotate with the gradient; shader-fixed dimensions stay unchanged.,,,,,,,,,
ui_gradient_edit_hint,Click to edit gradient colors and opacity.,,,,,,,,,
ui_gradient_fixed_settings,Texture settings are fixed by this shader.,,,,,,,,,
ui_gradient_reopen,Scripts reloaded. Reopen Gradient from the texture card to create its texture.,,,,,,,,,
ui_gradient_save_failed,Could not save the gradient. Your draft is still available.,,,,,,,,,
ui_green,Green,Grün,緑,Verde,,,,绿,초록,
ui_horizontal,Horizontal,Horizontal,横方向,Horizontal,,,,水平,가로,
ui_lock_shader,Lock In Optimized Shader,,,,,,,,,
ui_locked_property_suffix,Locked property suffix,,,,,,,,,
ui_multiple_textures,Multiple textures,,,,,,,,,
ui_name,Name,,,,,,,,,
ui_packer_animation_hint,Exit Animation mode to edit texture channels. Temporary previews cannot be recorded in an animation.,,,,,,,,,
ui_preset_material_notify,Editing a preset material. Use property actions to choose which settings it contains.,,,,,,,,,
ui_preset_name,Preset name,,,,,,,,,
ui_preset_revert,Revert ,,,,,,,,,
ui_preset_section_preset,Section preset,,,,,,,,,
ui_presets,Presets,Voreinstellungen,プリセット,Preajustes,,,,预设,프리셋,
ui_queue_alpha_test,AlphaTest,,,,,,,,,
ui_queue_background,Background,,,,,,,,,
ui_queue_geometry,Geometry,,,,,,,,,
ui_queue_overlay,Overlay,,,,,,,,,
ui_queue_shader,From Shader,,,,,,,,,
ui_queue_transparent,Transparent,,,,,,,,,
ui_red,Red,Rot,赤,Rojo,,,,红,빨강,
ui_render_queue,Render Queue,,,,,,,,,
ui_retry,Retry,Erneut versuchen,再試行,Reintentar,,,,重试,다시 시도,
ui_save_and_close,Save and close,Speichern und schließen,保存して閉じる,Guardar y cerrar,,,,保存并关闭,저장 후 닫기,
ui_studio_add_source,Add source,,,,,,,,,
ui_studio_adjustments,Image adjustments,Bildanpassungen,画像調整,Ajustes de imagen,,,,图像调整,이미지 조정,
ui_studio_advanced_routing,Advanced routing,,,,,,,,,
ui_studio_alpha_transparency,Alpha is transparency,,,,,,,,,
ui_studio_brightness,Brightness,,,,,,,,,
ui_studio_channel,Channel,,,,,,,,,
ui_studio_clear_missing_source,Clear missing source,,,,,,,,,
ui_studio_color,Color,Farbe,色,Color,,,,颜色,색상,
ui_studio_color_space,Color space,,,,,,,,,
ui_studio_combine,Combine,,,,,,,,,
ui_studio_combined,Combined,Kombiniert,合成,Combinado,,,,合并,합성,
ui_studio_direction,Direction,Richtung,方向,Dirección,,,,方向,방향,
ui_studio_export_channels,Export individual channels,,,,,,,,,
ui_studio_export_color,Export as color,,,,,,,,,
ui_studio_export_grayscale,Export as grayscale,,,,,,,,,
ui_studio_filter,Filter,Filter,フィルター,Filtro,,,,滤镜,필터,
ui_studio_filtering,Filtering,Filterung,フィルタリング,Filtrado,,,,过滤,필터링,
ui_studio_folder,Folder,,,,,,,,,
ui_studio_format,Format,,,,,,,,,
ui_studio_gradient,Gradient,Verlauf,グラデーション,Degradado,,,,渐变,그라디언트,
ui_studio_grayscale,Grayscale,,,,,,,,,
ui_studio_horizontal_kernel,Horizontal kernel,,,,,,,,,
ui_studio_hue,Hue,,,,,,,,,
ui_studio_intro,Combine sources into one texture. Preview changes before saving.,,,,,,,,,
ui_studio_invert,Invert,Invertieren,反転,Invertir,,,,反转,반전,
ui_studio_jpeg_quality,JPEG quality,,,,,,,,,
ui_studio_missing_source_hint,"Source missing. Reassign it, or clear it to use the fallback.",,,,,,,,,
ui_studio_multiple_sources,Multiple sources,,,,,,,,,
ui_studio_offset,Offset,,,,,,,,,
ui_studio_open_saved,Open saved texture,,,,,,,,,
ui_studio_output,Output,Ausgabe,出力,Salida,,,,输出,출력,
ui_studio_passes,Passes,,,,,,,,,
ui_studio_preview,Preview,Vorschau,プレビュー,Vista previa,,,,预览,미리보기,
ui_studio_range,Input / output range,,,,,,,,,
ui_studio_remap,Remap,,,,,,,,,
ui_studio_remove_source,Remove source,,,,,,,,,
ui_studio_reset_adjustments,Reset adjustments,,,,,,,,,
ui_studio_resolution,Resolution,,,,,,,,,
ui_studio_rotation,Rotation,,,,,,,,,
ui_studio_routing,Channel routing,Kanalzuordnung,チャンネルの割り当て,Asignación de canales,,,,通道映射,채널 연결,
ui_studio_saturation,Saturation,,,,,,,,,
ui_studio_save,Save texture,Textur speichern,テクスチャを保存,Guardar textura,,,,保存纹理,텍스처 저장,
ui_studio_saved,Saved,,,,,,,,,
ui_studio_scale,Scale,,,,,,,,,
ui_studio_separate_directions,Separate directions,,,,,,,,,
ui_studio_sizing,Sizing,,,,,,,,,
ui_studio_source,Source,Quelle,ソース,Fuente,,,,来源,소스,
ui_studio_source_options,Source options,Quelloptionen,ソース設定,Opciones de fuente,,,,来源选项,소스 옵션,
ui_studio_sources,Sources,Quellen,ソース,Fuentes,,,,来源,소스,
ui_studio_strength,Strength,,,,,,,,,
ui_studio_title,Texture studio,Textur-Studio,テクスチャスタジオ,Estudio de texturas,,,,纹理工作室,텍스처 스튜디오,
ui_studio_two_passes,Two passes,,,,,,,,,
ui_studio_vertical_kernel,Vertical kernel,,,,,,,,,
ui_studio_when_empty,When empty,,,,,,,,,
ui_texture_shader_owned,This texture is supplied by the shader and cannot be reassigned.,,,,,,,,,
ui_texture_size,Texture size,Texturgröße,テクスチャサイズ,Tamaño de textura,,,,纹理尺寸,텍스처 크기,
ui_unlock_shader,Unlock Shader,,,,,,,,,
ui_vertical_down,Vertical down,Vertikal abwärts,下方向,Vertical hacia abajo,,,,垂直向下,세로 아래쪽,
ui_vertical_up,Vertical up,Vertikal aufwärts,上方向,Vertical hacia arriba,,,,垂直向上,세로 위쪽,
ui_wrap,Wrap,Wiederholung,ラップモード,Repetición,,,,包裹模式,랩 모드,
